{"cameraMode":{"drawMode":0,"name":"Shaded","section":"Shading Mode"},"sceneLighting":false,"audioPlay":false,"sceneViewState":{"m_AlwaysRefresh":false,"showFog":false,"showSkybox":false,"showFlares":false,"showImageEffects":false,"showParticleSystems":false,"showVisualEffectGraphs":true,"m_FxEnabled":true},"in2DMode":false,"pivot":{"x":-26.226133346557618,"y":1.3183914422988892,"z":0.7768625617027283},"rotation":{"x":-0.07406969368457794,"y":0.7868838310241699,"z":-0.09632793813943863,"w":-0.6050718426704407},"size":0.41021502017974856,"orthographic":false}