{"cameraMode":{"drawMode":0,"name":"Shaded","section":"Shading Mode"},"sceneLighting":false,"audioPlay":false,"sceneViewState":{"m_AlwaysRefresh":false,"showFog":true,"showSkybox":false,"showFlares":true,"showImageEffects":true,"showParticleSystems":true,"showVisualEffectGraphs":true,"m_FxEnabled":true},"in2DMode":false,"pivot":{"x":0.2389991283416748,"y":0.43999895453453066,"z":0.15709751844406129},"rotation":{"x":0.11275912821292877,"y":0.34822121262550356,"z":-0.034432459622621539,"w":0.9302258491516113},"size":0.8660253882408142,"orthographic":false}