{"cameraMode":{"drawMode":0,"name":"Shaded","section":"Shading Mode"},"sceneLighting":true,"audioPlay":false,"sceneViewState":{"m_AlwaysRefresh":false,"showFog":false,"showSkybox":false,"showFlares":false,"showImageEffects":false,"showParticleSystems":false,"showVisualEffectGraphs":true,"m_FxEnabled":true},"in2DMode":false,"pivot":{"x":-25.334379196166993,"y":2.246500015258789,"z":0.46120309829711916},"rotation":{"x":0.24921545386314393,"y":0.05691857263445854,"z":-0.014666283503174782,"w":0.9666845798492432},"size":2.574714422225952,"orthographic":false}