{"cameraMode":{"drawMode":0,"name":"Shaded","section":"Shading Mode"},"sceneLighting":false,"audioPlay":false,"sceneViewState":{"m_AlwaysRefresh":false,"showFog":false,"showSkybox":false,"showFlares":false,"showImageEffects":false,"showParticleSystems":false,"showVisualEffectGraphs":true,"m_FxEnabled":true},"in2DMode":false,"pivot":{"x":0.702336311340332,"y":11.468416213989258,"z":-22.364185333251954},"rotation":{"x":0.22130411863327027,"y":0.07393950968980789,"z":-0.016830356791615487,"w":0.9722541570663452},"size":37.84784698486328,"orthographic":false}