{"cameraMode":{"drawMode":0,"name":"Shaded","section":"Shading Mode"},"sceneLighting":false,"audioPlay":false,"sceneViewState":{"m_AlwaysRefresh":false,"showFog":false,"showSkybox":false,"showFlares":false,"showImageEffects":false,"showParticleSystems":false,"showVisualEffectGraphs":true,"m_FxEnabled":true},"in2DMode":false,"pivot":{"x":-16.89017677307129,"y":7.723176956176758,"z":107.18966674804688},"rotation":{"x":0.09168119728565216,"y":0.0032942122779786588,"z":-0.000312887248583138,"w":0.9957961440086365},"size":148.37689208984376,"orthographic":false}