{"cameraMode":{"drawMode":0,"name":"Shaded","section":"Shading Mode"},"sceneLighting":false,"audioPlay":false,"sceneViewState":{"m_AlwaysRefresh":false,"showFog":false,"showSkybox":false,"showFlares":false,"showImageEffects":false,"showParticleSystems":false,"showVisualEffectGraphs":true,"m_FxEnabled":true},"in2DMode":false,"pivot":{"x":-17.594099044799806,"y":1.1859999895095826,"z":13.635605812072754},"rotation":{"x":0.03754105046391487,"y":-0.9424034357070923,"z":0.11244156211614609,"w":0.31306201219558718},"size":0.25139573216438296,"orthographic":false}