{"cameraMode":{"drawMode":0,"name":"Shaded","section":"Shading Mode"},"sceneLighting":false,"audioPlay":false,"sceneViewState":{"m_AlwaysRefresh":false,"showFog":true,"showSkybox":false,"showFlares":true,"showImageEffects":true,"showParticleSystems":true,"showVisualEffectGraphs":true,"m_FxEnabled":true},"in2DMode":false,"pivot":{"x":-17.88822364807129,"y":3.7100000381469728,"z":6.739999771118164},"rotation":{"x":0.021077726036310197,"y":-0.14730630815029145,"z":0.0031263905111700298,"w":0.9888758063316345},"size":0.8660253882408142,"orthographic":false}