{"cameraMode":{"drawMode":0,"name":"Shaded","section":"Shading Mode"},"sceneLighting":false,"audioPlay":false,"sceneViewState":{"m_AlwaysRefresh":false,"showFog":true,"showSkybox":false,"showFlares":true,"showImageEffects":true,"showParticleSystems":true,"showVisualEffectGraphs":true,"m_FxEnabled":true},"in2DMode":false,"pivot":{"x":-21.912124633789064,"y":0.3895057737827301,"z":22.880544662475587},"rotation":{"x":0.08764507621526718,"y":-0.8164478540420532,"z":0.12866072356700898,"w":0.5560706853866577},"size":6.864441394805908,"orthographic":false}