{"cameraMode":{"drawMode":0,"name":"Shaded","section":"Shading Mode"},"sceneLighting":true,"audioPlay":false,"sceneViewState":{"m_AlwaysRefresh":false,"showFog":true,"showSkybox":true,"showFlares":true,"showImageEffects":true,"showParticleSystems":true,"showVisualEffectGraphs":true,"m_FxEnabled":true},"in2DMode":false,"pivot":{"x":-20.584150314331056,"y":1.163710594177246,"z":13.044927597045899},"rotation":{"x":-0.2938217222690582,"y":-0.11094633489847183,"z":0.03435545042157173,"w":-0.9488036632537842},"size":12.481645584106446,"orthographic":false}