{"cameraMode":{"drawMode":0,"name":"Shaded","section":"Shading Mode"},"sceneLighting":true,"audioPlay":false,"sceneViewState":{"m_AlwaysRefresh":false,"showFog":true,"showSkybox":true,"showFlares":true,"showImageEffects":true,"showParticleSystems":true,"showVisualEffectGraphs":true,"m_FxEnabled":true},"in2DMode":false,"pivot":{"x":130.6687774658203,"y":298.70489501953127,"z":15.202127456665039},"rotation":{"x":-0.040313929319381717,"y":0.014447726309299469,"z":-0.007882931269705296,"w":-0.9992899894714356},"size":325.8017578125,"orthographic":false}