{"cameraMode":{"drawMode":0,"name":"Shaded","section":"Shading Mode"},"sceneLighting":false,"audioPlay":false,"sceneViewState":{"m_AlwaysRefresh":false,"showFog":true,"showSkybox":true,"showFlares":true,"showImageEffects":true,"showParticleSystems":true,"showVisualEffectGraphs":true,"m_FxEnabled":true},"in2DMode":false,"pivot":{"x":-34.67133331298828,"y":-53.065059661865237,"z":52.51229476928711},"rotation":{"x":-0.4832397699356079,"y":0.0056001110933721069,"z":-0.003363561350852251,"w":-0.8755775094032288},"size":39.421958923339847,"orthographic":false}