{"cameraMode":{"drawMode":0,"name":"Shaded","section":"Shading Mode"},"sceneLighting":true,"audioPlay":false,"sceneViewState":{"m_AlwaysRefresh":false,"showFog":true,"showSkybox":true,"showFlares":true,"showImageEffects":true,"showParticleSystems":true,"showVisualEffectGraphs":true,"m_FxEnabled":true},"in2DMode":false,"pivot":{"x":-34.57614517211914,"y":6.916818618774414,"z":41.92939376831055},"rotation":{"x":0.0026398159097880127,"y":0.9970207214355469,"z":-0.039211295545101169,"w":0.06675663590431214},"size":1.2990479469299317,"orthographic":false}