{"cameraMode":{"drawMode":0,"name":"Shaded","section":"Shading Mode"},"sceneLighting":true,"audioPlay":false,"sceneViewState":{"m_AlwaysRefresh":false,"showFog":true,"showSkybox":true,"showFlares":true,"showImageEffects":true,"showParticleSystems":true,"showVisualEffectGraphs":true,"m_FxEnabled":true},"in2DMode":false,"pivot":{"x":-23.79139518737793,"y":3.201383352279663,"z":2.542515277862549},"rotation":{"x":-0.0060688708908855919,"y":-0.9921416640281677,"z":0.12373318523168564,"w":0.018655743449926378},"size":2.7730956077575685,"orthographic":false}