{"cameraMode":{"drawMode":0,"name":"Shaded","section":"Shading Mode"},"sceneLighting":true,"audioPlay":false,"sceneViewState":{"m_AlwaysRefresh":false,"showFog":true,"showSkybox":true,"showFlares":true,"showImageEffects":true,"showParticleSystems":true,"showVisualEffectGraphs":true,"m_FxEnabled":true},"in2DMode":false,"pivot":{"x":-23.620943069458009,"y":5.008791923522949,"z":1.9803082942962647},"rotation":{"x":0.14456167817115785,"y":0.3291436433792114,"z":-0.04211953654885292,"w":0.9322026371955872},"size":1.7553074359893799,"orthographic":false}