{"cameraMode":{"drawMode":0,"name":"Shaded","section":"Shading Mode"},"sceneLighting":false,"audioPlay":false,"sceneViewState":{"m_AlwaysRefresh":false,"showFog":true,"showSkybox":false,"showFlares":true,"showImageEffects":true,"showParticleSystems":true,"showVisualEffectGraphs":true,"m_FxEnabled":true},"in2DMode":false,"pivot":{"x":0.05348758399486542,"y":-9.313225746154786e-10,"z":0.018184538930654527},"rotation":{"x":-0.0503658726811409,"y":-0.7446049451828003,"z":0.045373063534498218,"w":-0.664412796497345},"size":0.05672997608780861,"orthographic":false}