{"cameraMode":{"drawMode":0,"name":"Shaded","section":"Shading Mode"},"sceneLighting":false,"audioPlay":false,"sceneViewState":{"m_AlwaysRefresh":false,"showFog":false,"showSkybox":false,"showFlares":false,"showImageEffects":false,"showParticleSystems":false,"showVisualEffectGraphs":true,"m_FxEnabled":false},"in2DMode":false,"pivot":{"x":-22.950098037719728,"y":3.4837968349456789,"z":0.43910300731658938},"rotation":{"x":-0.11001183837652207,"y":0.37811052799224856,"z":-0.044232726097106937,"w":-0.9184734225273132},"size":0.0664944052696228,"orthographic":false}