{"cameraMode":{"drawMode":0,"name":"Shaded","section":"Shading Mode"},"sceneLighting":false,"audioPlay":false,"sceneViewState":{"m_AlwaysRefresh":false,"showFog":true,"showSkybox":false,"showFlares":true,"showImageEffects":true,"showParticleSystems":true,"showVisualEffectGraphs":true,"m_FxEnabled":true},"in2DMode":false,"pivot":{"x":0.083107590675354,"y":0.5489065647125244,"z":-0.32103514671325686},"rotation":{"x":0.015388642437756062,"y":-0.8828900456428528,"z":0.043814416974782947,"w":0.46782928705215456},"size":0.9638206362724304,"orthographic":false}