{"cameraMode":{"drawMode":0,"name":"Shaded","section":"Shading Mode"},"sceneLighting":false,"audioPlay":false,"sceneViewState":{"m_AlwaysRefresh":false,"showFog":true,"showSkybox":false,"showFlares":true,"showImageEffects":true,"showParticleSystems":true,"showVisualEffectGraphs":true,"m_FxEnabled":true},"in2DMode":false,"pivot":{"x":-0.002251937985420227,"y":1.1033363342285157,"z":1.0488567352294922},"rotation":{"x":0.05661832541227341,"y":-0.6365289092063904,"z":-0.05705185607075691,"w":-0.7674108743667603},"size":1.839975357055664,"orthographic":false}