{"cameraMode":{"drawMode":0,"name":"Shaded","section":"Shading Mode"},"sceneLighting":false,"audioPlay":false,"sceneViewState":{"m_AlwaysRefresh":false,"showFog":true,"showSkybox":false,"showFlares":true,"showImageEffects":true,"showParticleSystems":true,"showVisualEffectGraphs":true,"m_FxEnabled":true},"in2DMode":false,"pivot":{"x":-0.860856831073761,"y":0.9046499133110046,"z":0.5873408913612366},"rotation":{"x":-0.012311110273003579,"y":0.8119309544563294,"z":-0.02923959493637085,"w":-0.5833597183227539},"size":1.8018507957458497,"orthographic":false}